site,date,species,count
Lower_ross,2026-05-01, barramundi ,6
Lower_ross,2026-05-01,MANGROVE JACK,3
Lower_ross,2026-05-01,bream,4
Lower_ross,2026-05-01,flathead ,2
Lower_ross,2026-05-02, barramundi ,1
Lower_ross,2026-05-02,MANGROVE JACK,1
Lower_ross,2026-05-02,bream,3
Lower_ross,2026-05-02,flathead ,3
Lower_ross,2026-05-03,MANGROVE JACK,2
Lower_ross,2026-05-03,flathead ,3
Lower_ross,2026-05-04, barramundi ,1
Lower_ross,2026-05-04,MANGROVE JACK,8
Lower_ross,2026-05-04,bream,4
Lower_ross,2026-05-04,flathead ,1
Lower_ross,2026-05-05, barramundi ,1
Lower_ross,2026-05-05,MANGROVE JACK,2
Lower_ross,2026-05-05,bream,1
Lower_ross,2026-05-05,flathead ,2
Lower_ross,2026-05-06, barramundi ,4
Lower_ross,2026-05-06,MANGROVE JACK,2
Lower_ross,2026-05-06,bream,2
Lower_ross,2026-05-06,flathead ,3
Lower_ross,2026-05-07, barramundi ,1
Lower_ross,2026-05-07,MANGROVE JACK,1
Lower_ross,2026-05-07,bream,2
Lower_ross,2026-05-07,flathead ,1
Lower_ross,2026-05-08, barramundi ,2
Lower_ross,2026-05-08,bream,3
Lower_ross,2026-05-08,flathead ,2
Lower_ross,2026-05-09, barramundi ,3
Lower_ross,2026-05-09,MANGROVE JACK,1
Lower_ross,2026-05-09,flathead ,1
Lower_ross,2026-05-10,MANGROVE JACK,5
Lower_ross,2026-05-10,bream,5
Lower_ross,2026-05-10,flathead ,3
Lower_ross,2026-05-11, barramundi ,2
Lower_ross,2026-05-11,MANGROVE JACK,4
Lower_ross,2026-05-11,flathead ,3
Lower_ross,2026-05-12, barramundi ,1
Lower_ross,2026-05-12,MANGROVE JACK,2
Lower_ross,2026-05-12,bream,3
Lower_ross,2026-05-12,flathead ,2
Lower_ross,2026-05-13, barramundi ,1
Lower_ross,2026-05-13,MANGROVE JACK,2
Lower_ross,2026-05-13,bream,1
Lower_ross,2026-05-13,flathead ,3
Lower_ross,2026-05-14, barramundi ,4
Lower_ross,2026-05-14,MANGROVE JACK,2
Lower_ross,2026-05-14,bream,4
Lower_ross,2026-05-14,flathead ,4
Lower_ross,2026-05-15, barramundi ,1
Lower_ross,2026-05-15,MANGROVE JACK,3
Lower_ross,2026-05-15,bream,1
Lower_ross,2026-05-15,flathead ,3
Lower_ross,2026-05-16,bream,1
Lower_ross,2026-05-17, barramundi ,2
Lower_ross,2026-05-17,MANGROVE JACK,4
Lower_ross,2026-05-17,bream,2
Lower_ross,2026-05-17,flathead ,2
Lower_ross,2026-05-18, barramundi ,1
Lower_ross,2026-05-18,MANGROVE JACK,2
Lower_ross,2026-05-18,bream,4
Lower_ross,2026-05-18,flathead ,3
Lower_ross,2026-05-19, barramundi ,1
Lower_ross,2026-05-19,MANGROVE JACK,2
Lower_ross,2026-05-19,bream,4
Lower_ross,2026-05-19,flathead ,1
Lower_ross,2026-05-20, barramundi ,2
Lower_ross,2026-05-20,MANGROVE JACK,1
Lower_ross,2026-05-20,bream,3
Lower_ross,2026-05-20,flathead ,2
Lower_ross,2026-05-21,MANGROVE JACK,1
Lower_ross,2026-05-21,bream,1
Lower_ross,2026-05-21,flathead ,1
Lower_ross,2026-05-22, barramundi ,1
Lower_ross,2026-05-22,MANGROVE JACK,1
Lower_ross,2026-05-22,bream,3
Lower_ross,2026-05-22,flathead ,2
Lower_ross,2026-05-23, barramundi ,2
Lower_ross,2026-05-23,MANGROVE JACK,3
Lower_ross,2026-05-23,bream,1
Lower_ross,2026-05-23,flathead ,1
Lower_ross,2026-05-24, barramundi ,1
Lower_ross,2026-05-24,flathead ,3
Lower_ross,2026-05-25, barramundi ,2
Lower_ross,2026-05-25,MANGROVE JACK,2
Lower_ross,2026-05-25,bream,3
Lower_ross,2026-05-25,flathead ,1
Lower_ross,2026-05-26, barramundi ,2
Lower_ross,2026-05-26,MANGROVE JACK,1
Lower_ross,2026-05-26,flathead ,2
Lower_ross,2026-05-27, barramundi ,3
Lower_ross,2026-05-27,MANGROVE JACK,1
Lower_ross,2026-05-27,bream,2
Lower_ross,2026-05-27,flathead ,2
Lower_ross,2026-05-28,MANGROVE JACK,2
Lower_ross,2026-05-28,flathead ,3
Lower_ross,2026-05-29, barramundi ,3
Lower_ross,2026-05-29,MANGROVE JACK,1
Lower_ross,2026-05-29,bream,2
Lower_ross,2026-05-29,flathead ,3
Lower_ross,2026-05-30,MANGROVE JACK,1
Lower_ross,2026-05-30,bream,1
Lower_ross,2026-05-30,flathead ,1
Mid_Ross ,2026-05-01, barramundi ,4
Mid_Ross ,2026-05-01,MANGROVE JACK,2
Mid_Ross ,2026-05-01,bream,2
Mid_Ross ,2026-05-01,flathead ,3
Mid_Ross ,2026-05-02,MANGROVE JACK,1
Mid_Ross ,2026-05-02,bream,2
Mid_Ross ,2026-05-02,flathead ,3
Mid_Ross ,2026-05-03, barramundi ,3
Mid_Ross ,2026-05-03,MANGROVE JACK,2
Mid_Ross ,2026-05-03,bream,1
Mid_Ross ,2026-05-04, barramundi ,5
Mid_Ross ,2026-05-04,MANGROVE JACK,1
Mid_Ross ,2026-05-04,bream,1
Mid_Ross ,2026-05-04,flathead ,2
Mid_Ross ,2026-05-05, barramundi ,1
Mid_Ross ,2026-05-05,MANGROVE JACK,1
Mid_Ross ,2026-05-05,bream,3
Mid_Ross ,2026-05-05,flathead ,1
Mid_Ross ,2026-05-06, barramundi ,4
Mid_Ross ,2026-05-06,MANGROVE JACK,2
Mid_Ross ,2026-05-06,bream,2
Mid_Ross ,2026-05-06,flathead ,2
Mid_Ross ,2026-05-07, barramundi ,1
Mid_Ross ,2026-05-07,MANGROVE JACK,2
Mid_Ross ,2026-05-07,bream,4
Mid_Ross ,2026-05-07,flathead ,4
Mid_Ross ,2026-05-08, barramundi ,2
Mid_Ross ,2026-05-08,MANGROVE JACK,4
Mid_Ross ,2026-05-08,bream,1
Mid_Ross ,2026-05-08,flathead ,3
Mid_Ross ,2026-05-09, barramundi ,1
Mid_Ross ,2026-05-09,MANGROVE JACK,2
Mid_Ross ,2026-05-09,bream,4
Mid_Ross ,2026-05-10, barramundi ,2
Mid_Ross ,2026-05-10,MANGROVE JACK,2
Mid_Ross ,2026-05-10,bream,2
Mid_Ross ,2026-05-10,flathead ,4
Mid_Ross ,2026-05-11, barramundi ,2
Mid_Ross ,2026-05-11,bream,4
Mid_Ross ,2026-05-11,flathead ,1
Mid_Ross ,2026-05-12,MANGROVE JACK,3
Mid_Ross ,2026-05-12,bream,2
Mid_Ross ,2026-05-12,flathead ,2
Mid_Ross ,2026-05-13, barramundi ,1
Mid_Ross ,2026-05-13,MANGROVE JACK,3
Mid_Ross ,2026-05-13,bream,1
Mid_Ross ,2026-05-13,flathead ,4
Mid_Ross ,2026-05-14, barramundi ,4
Mid_Ross ,2026-05-14,MANGROVE JACK,2
Mid_Ross ,2026-05-14,bream,5
Mid_Ross ,2026-05-14,flathead ,2
Mid_Ross ,2026-05-15, barramundi ,4
Mid_Ross ,2026-05-15,MANGROVE JACK,4
Mid_Ross ,2026-05-15,bream,1
Mid_Ross ,2026-05-15,flathead ,4
Mid_Ross ,2026-05-16, barramundi ,2
Mid_Ross ,2026-05-16,MANGROVE JACK,3
Mid_Ross ,2026-05-16,bream,1
Mid_Ross ,2026-05-16,flathead ,1
Mid_Ross ,2026-05-17, barramundi ,3
Mid_Ross ,2026-05-17,MANGROVE JACK,2
Mid_Ross ,2026-05-17,bream,2
Mid_Ross ,2026-05-17,flathead ,4
Mid_Ross ,2026-05-18, barramundi ,1
Mid_Ross ,2026-05-18,MANGROVE JACK,3
Mid_Ross ,2026-05-18,bream,1
Mid_Ross ,2026-05-18,flathead ,4
Mid_Ross ,2026-05-19, barramundi ,3
Mid_Ross ,2026-05-19,MANGROVE JACK,3
Mid_Ross ,2026-05-19,flathead ,1
Mid_Ross ,2026-05-20, barramundi ,3
Mid_Ross ,2026-05-20,MANGROVE JACK,3
Mid_Ross ,2026-05-20,bream,1
Mid_Ross ,2026-05-20,flathead ,3
Mid_Ross ,2026-05-21, barramundi ,1
Mid_Ross ,2026-05-21,flathead ,4
Mid_Ross ,2026-05-22, barramundi ,2
Mid_Ross ,2026-05-22,bream,1
Mid_Ross ,2026-05-22,flathead ,2
Mid_Ross ,2026-05-23, barramundi ,3
Mid_Ross ,2026-05-23,MANGROVE JACK,2
Mid_Ross ,2026-05-23,bream,3
Mid_Ross ,2026-05-24, barramundi ,1
Mid_Ross ,2026-05-24,MANGROVE JACK,2
Mid_Ross ,2026-05-24,bream,2
Mid_Ross ,2026-05-24,flathead ,1
Mid_Ross ,2026-05-25, barramundi ,1
Mid_Ross ,2026-05-25,MANGROVE JACK,1
Mid_Ross ,2026-05-25,bream,4
Mid_Ross ,2026-05-26, barramundi ,3
Mid_Ross ,2026-05-26,MANGROVE JACK,3
Mid_Ross ,2026-05-26,bream,4
Mid_Ross ,2026-05-26,flathead ,1
Mid_Ross ,2026-05-27, barramundi ,2
Mid_Ross ,2026-05-27,MANGROVE JACK,2
Mid_Ross ,2026-05-27,bream,4
Mid_Ross ,2026-05-28, barramundi ,1
Mid_Ross ,2026-05-28,MANGROVE JACK,3
Mid_Ross ,2026-05-28,flathead ,1
Mid_Ross ,2026-05-29, barramundi ,4
Mid_Ross ,2026-05-29,MANGROVE JACK,1
Mid_Ross ,2026-05-29,bream,3
Mid_Ross ,2026-05-29,flathead ,1
Mid_Ross ,2026-05-30, barramundi ,2
Mid_Ross ,2026-05-30,bream,6
Mid_Ross ,2026-05-30,flathead ,1
ROSS MOUTH,2026-05-01, barramundi ,3
ROSS MOUTH,2026-05-01,MANGROVE JACK,2
ROSS MOUTH,2026-05-01,flathead ,9
ROSS MOUTH,2026-05-02,MANGROVE JACK,1
ROSS MOUTH,2026-05-02,bream,3
ROSS MOUTH,2026-05-02,flathead ,4
ROSS MOUTH,2026-05-03, barramundi ,1
ROSS MOUTH,2026-05-03,MANGROVE JACK,1
ROSS MOUTH,2026-05-03,bream,2
ROSS MOUTH,2026-05-03,flathead ,7
ROSS MOUTH,2026-05-04, barramundi ,2
ROSS MOUTH,2026-05-04,MANGROVE JACK,2
ROSS MOUTH,2026-05-04,bream,1
ROSS MOUTH,2026-05-04,flathead ,6
ROSS MOUTH,2026-05-05, barramundi ,1
ROSS MOUTH,2026-05-05,bream,1
ROSS MOUTH,2026-05-05,flathead ,7
ROSS MOUTH,2026-05-06, barramundi ,1
ROSS MOUTH,2026-05-06,MANGROVE JACK,1
ROSS MOUTH,2026-05-06,bream,1
ROSS MOUTH,2026-05-06,flathead ,6
ROSS MOUTH,2026-05-07, barramundi ,1
ROSS MOUTH,2026-05-07,MANGROVE JACK,2
ROSS MOUTH,2026-05-07,bream,3
ROSS MOUTH,2026-05-07,flathead ,6
ROSS MOUTH,2026-05-08, barramundi ,1
ROSS MOUTH,2026-05-08,MANGROVE JACK,2
ROSS MOUTH,2026-05-08,bream,1
ROSS MOUTH,2026-05-08,flathead ,5
ROSS MOUTH,2026-05-09, barramundi ,1
ROSS MOUTH,2026-05-09,MANGROVE JACK,2
ROSS MOUTH,2026-05-09,bream,4
ROSS MOUTH,2026-05-09,flathead ,6
ROSS MOUTH,2026-05-10, barramundi ,4
ROSS MOUTH,2026-05-10,MANGROVE JACK,1
ROSS MOUTH,2026-05-10,bream,1
ROSS MOUTH,2026-05-10,flathead ,5
ROSS MOUTH,2026-05-11, barramundi ,1
ROSS MOUTH,2026-05-11,MANGROVE JACK,2
ROSS MOUTH,2026-05-11,bream,2
ROSS MOUTH,2026-05-11,flathead ,4
ROSS MOUTH,2026-05-12,bream,2
ROSS MOUTH,2026-05-12,flathead ,6
ROSS MOUTH,2026-05-13, barramundi ,1
ROSS MOUTH,2026-05-13,MANGROVE JACK,3
ROSS MOUTH,2026-05-13,bream,3
ROSS MOUTH,2026-05-13,flathead ,4
ROSS MOUTH,2026-05-14, barramundi ,1
ROSS MOUTH,2026-05-14,MANGROVE JACK,3
ROSS MOUTH,2026-05-14,bream,3
ROSS MOUTH,2026-05-14,flathead ,6
ROSS MOUTH,2026-05-15, barramundi ,4
ROSS MOUTH,2026-05-15,bream,1
ROSS MOUTH,2026-05-15,flathead ,6
ROSS MOUTH,2026-05-16, barramundi ,1
ROSS MOUTH,2026-05-16,MANGROVE JACK,1
ROSS MOUTH,2026-05-16,bream,1
ROSS MOUTH,2026-05-16,flathead ,4
ROSS MOUTH,2026-05-17, barramundi ,1
ROSS MOUTH,2026-05-17,bream,4
ROSS MOUTH,2026-05-17,flathead ,5
ROSS MOUTH,2026-05-18, barramundi ,2
ROSS MOUTH,2026-05-18,MANGROVE JACK,2
ROSS MOUTH,2026-05-18,flathead ,4
ROSS MOUTH,2026-05-19,MANGROVE JACK,1
ROSS MOUTH,2026-05-19,bream,7
ROSS MOUTH,2026-05-19,flathead ,6
ROSS MOUTH,2026-05-20, barramundi ,1
ROSS MOUTH,2026-05-20,MANGROVE JACK,2
ROSS MOUTH,2026-05-20,flathead ,7
ROSS MOUTH,2026-05-21, barramundi ,1
ROSS MOUTH,2026-05-21,MANGROVE JACK,2
ROSS MOUTH,2026-05-21,bream,2
ROSS MOUTH,2026-05-21,flathead ,6
ROSS MOUTH,2026-05-22, barramundi ,4
ROSS MOUTH,2026-05-22,MANGROVE JACK,1
ROSS MOUTH,2026-05-22,bream,3
ROSS MOUTH,2026-05-22,flathead ,4
ROSS MOUTH,2026-05-23, barramundi ,1
ROSS MOUTH,2026-05-23,MANGROVE JACK,2
ROSS MOUTH,2026-05-23,bream,1
ROSS MOUTH,2026-05-23,flathead ,5
ROSS MOUTH,2026-05-24, barramundi ,1
ROSS MOUTH,2026-05-24,MANGROVE JACK,5
ROSS MOUTH,2026-05-24,bream,4
ROSS MOUTH,2026-05-24,flathead ,5
ROSS MOUTH,2026-05-25, barramundi ,4
ROSS MOUTH,2026-05-25,MANGROVE JACK,1
ROSS MOUTH,2026-05-25,bream,3
ROSS MOUTH,2026-05-25,flathead ,7
ROSS MOUTH,2026-05-26, barramundi ,5
ROSS MOUTH,2026-05-26,bream,1
ROSS MOUTH,2026-05-26,flathead ,8
ROSS MOUTH,2026-05-27, barramundi ,1
ROSS MOUTH,2026-05-27,bream,2
ROSS MOUTH,2026-05-27,flathead ,7
ROSS MOUTH,2026-05-28,MANGROVE JACK,2
ROSS MOUTH,2026-05-28,bream,6
ROSS MOUTH,2026-05-28,flathead ,5
ROSS MOUTH,2026-05-29, barramundi ,1
ROSS MOUTH,2026-05-29,MANGROVE JACK,1
ROSS MOUTH,2026-05-29,bream,7
ROSS MOUTH,2026-05-29,flathead ,6
ROSS MOUTH,2026-05-30, barramundi ,2
ROSS MOUTH,2026-05-30,MANGROVE JACK,3
ROSS MOUTH,2026-05-30,bream,1
ROSS MOUTH,2026-05-30,flathead ,4
Upper Ross,2026-05-01, barramundi ,5
Upper Ross,2026-05-01,bream,2
Upper Ross,2026-05-01,flathead ,6
Upper Ross,2026-05-02, barramundi ,8
Upper Ross,2026-05-02,MANGROVE JACK,1
Upper Ross,2026-05-02,bream,2
Upper Ross,2026-05-02,flathead ,4
Upper Ross,2026-05-03, barramundi ,4
Upper Ross,2026-05-03,bream,2
Upper Ross,2026-05-04, barramundi ,5
Upper Ross,2026-05-04,MANGROVE JACK,3
Upper Ross,2026-05-04,bream,2
Upper Ross,2026-05-05, barramundi ,6
Upper Ross,2026-05-05,MANGROVE JACK,2
Upper Ross,2026-05-05,bream,2
Upper Ross,2026-05-06, barramundi ,7
Upper Ross,2026-05-06,MANGROVE JACK,3
Upper Ross,2026-05-06,bream,2
Upper Ross,2026-05-06,flathead ,2
Upper Ross,2026-05-07, barramundi ,4
Upper Ross,2026-05-07,MANGROVE JACK,1
Upper Ross,2026-05-07,bream,5
Upper Ross,2026-05-07,flathead ,5
Upper Ross,2026-05-08, barramundi ,4
Upper Ross,2026-05-08,MANGROVE JACK,1
Upper Ross,2026-05-08,bream,2
Upper Ross,2026-05-08,flathead ,1
Upper Ross,2026-05-09, barramundi ,3
Upper Ross,2026-05-09,MANGROVE JACK,2
Upper Ross,2026-05-09,bream,1
Upper Ross,2026-05-09,flathead ,2
Upper Ross,2026-05-10, barramundi ,3
Upper Ross,2026-05-10,MANGROVE JACK,3
Upper Ross,2026-05-10,bream,4
Upper Ross,2026-05-10,flathead ,1
Upper Ross,2026-05-11, barramundi ,6
Upper Ross,2026-05-11,MANGROVE JACK,4
Upper Ross,2026-05-11,bream,5
Upper Ross,2026-05-11,flathead ,2
Upper Ross,2026-05-12, barramundi ,7
Upper Ross,2026-05-12,MANGROVE JACK,3
Upper Ross,2026-05-12,bream,1
Upper Ross,2026-05-12,flathead ,3
Upper Ross,2026-05-13, barramundi ,4
Upper Ross,2026-05-13,MANGROVE JACK,3
Upper Ross,2026-05-13,bream,5
Upper Ross,2026-05-13,flathead ,6
Upper Ross,2026-05-14, barramundi ,5
Upper Ross,2026-05-14,MANGROVE JACK,2
Upper Ross,2026-05-14,bream,3
Upper Ross,2026-05-14,flathead ,4
Upper Ross,2026-05-15, barramundi ,4
Upper Ross,2026-05-15,MANGROVE JACK,3
Upper Ross,2026-05-15,bream,6
Upper Ross,2026-05-15,flathead ,3
Upper Ross,2026-05-16, barramundi ,3
Upper Ross,2026-05-16,MANGROVE JACK,1
Upper Ross,2026-05-16,bream,2
Upper Ross,2026-05-16,flathead ,1
Upper Ross,2026-05-17, barramundi ,10
Upper Ross,2026-05-17,MANGROVE JACK,2
Upper Ross,2026-05-17,bream,5
Upper Ross,2026-05-17,flathead ,2
Upper Ross,2026-05-18, barramundi ,3
Upper Ross,2026-05-18,MANGROVE JACK,2
Upper Ross,2026-05-18,bream,1
Upper Ross,2026-05-18,flathead ,1
Upper Ross,2026-05-19, barramundi ,3
Upper Ross,2026-05-19,MANGROVE JACK,1
Upper Ross,2026-05-19,bream,2
Upper Ross,2026-05-19,flathead ,1
Upper Ross,2026-05-20, barramundi ,4
Upper Ross,2026-05-20,MANGROVE JACK,2
Upper Ross,2026-05-20,bream,1
Upper Ross,2026-05-20,flathead ,3
Upper Ross,2026-05-21, barramundi ,4
Upper Ross,2026-05-21,MANGROVE JACK,2
Upper Ross,2026-05-21,bream,5
Upper Ross,2026-05-21,flathead ,3
Upper Ross,2026-05-22, barramundi ,5
Upper Ross,2026-05-22,bream,4
Upper Ross,2026-05-22,flathead ,3
Upper Ross,2026-05-23, barramundi ,5
Upper Ross,2026-05-23,MANGROVE JACK,2
Upper Ross,2026-05-23,bream,3
Upper Ross,2026-05-23,flathead ,5
Upper Ross,2026-05-24, barramundi ,3
Upper Ross,2026-05-24,MANGROVE JACK,4
Upper Ross,2026-05-24,flathead ,2
Upper Ross,2026-05-25, barramundi ,6
Upper Ross,2026-05-25,MANGROVE JACK,4
Upper Ross,2026-05-25,bream,1
Upper Ross,2026-05-25,flathead ,5
Upper Ross,2026-05-26, barramundi ,4
Upper Ross,2026-05-26,MANGROVE JACK,1
Upper Ross,2026-05-26,bream,1
Upper Ross,2026-05-27, barramundi ,4
Upper Ross,2026-05-27,MANGROVE JACK,1
Upper Ross,2026-05-27,bream,2
Upper Ross,2026-05-28, barramundi ,3
Upper Ross,2026-05-28,MANGROVE JACK,1
Upper Ross,2026-05-28,flathead ,1
Upper Ross,2026-05-29, barramundi ,6
Upper Ross,2026-05-29,MANGROVE JACK,2
Upper Ross,2026-05-29,bream,4
Upper Ross,2026-05-29,flathead ,1
Upper Ross,2026-05-30, barramundi ,6
Upper Ross,2026-05-30,MANGROVE JACK,1
Upper Ross,2026-05-30,bream,2
Upper Ross,2026-05-30,flathead ,2
